{"cameraMode":{"drawMode":0,"name":"Shaded","section":"Shading Mode"},"sceneLighting":true,"audioPlay":false,"sceneViewState":{"showFog":true,"showMaterialUpdate":false,"showSkybox":true,"showFlares":true,"showImageEffects":true,"showParticleSystems":true},"in2DMode":false,"pivot":{"x":104.66189575195313,"y":3.325490951538086,"z":-163.38999938964845},"rotation":{"x":-0.18027961254119874,"y":-0.10919444262981415,"z":0.02021426148712635,"w":-0.9774478673934937},"size":4.954010486602783,"orthographic":false}